player,position,team,age,club,birth_year,games,games_starts,minutes,minutes_90s,goals,assists,goals_pens,pens_made,pens_att,cards_yellow,cards_red,goals_per90,assists_per90,goals_assists_per90,goals_pens_per90,goals_assists_pens_per90,xg,npxg,xg_assist,npxg_xg_assist,xg_per90,xg_assist_per90,xg_xg_assist_per90,npxg_per90,npxg_xg_assist_per90,general_position,pass_success,clearance_per90,chance_created_per90,success_tackles_per90
Abdelkarim Hassan,DF,Qatar,29-112,Al Sadd SC,1993,3,3,270,3,0,0,0,0,0,0,0,0,0,0,0,0,0.3,0.3,0,0.3,0.1,0.01,0.11,0.1,0.11,Defender,0,0,0,0
Abdou Diallo,DF,Senegal,26-228,RB Leipzig,1996,4,4,331,3.7,0,0,0,0,0,0,0,0,0,0,0,0,0,0,0.1,0.1,0.01,0.02,0.03,0.01,0.03,Defender,0,0,0,0
Abdulelah Al-Amri,DF,Saudi Arabia,25-337,Al-Nassr,1997,3,2,182,2,0,0,0,0,0,2,0,0,0,0,0,0,0.1,0.1,0,0.1,0.03,0,0.03,0.03,0.03,Defender,0,0,0,0
Abdullah Madu,DF,Saudi Arabia,29-156,Al-Nassr,1993,1,0,45,0.5,0,0,0,0,0,1,0,0,0,0,0,0,0,0,0,0,0,0,0,0,0,Defender,0,0,0,0
Abolfazl Jalali,DF,IR Iran,24-175,Esteghlal,1998,1,0,19,0.2,0,0,0,0,0,1,0,0,0,0,0,0,0,0,0,0,0,0,0,0,0,Defender,0,0,0,0
Achraf Dari,DF,Morocco,23-226,Brest,1999,3,2,187,2.1,1,0,1,0,0,1,0,0.48,0,0.48,0.48,0.48,0.6,0.6,0,0.6,0.3,0,0.3,0.3,0.3,Defender,0,0,0,0
Achraf Hakimi,DF,Morocco,24-044,Paris S-G,1998,7,7,631,7,0,1,0,0,0,0,0,0,0.14,0.14,0,0.14,0.1,0.1,0.5,0.6,0.02,0.07,0.09,0.02,0.09,Defender,83.1,1.1,0.9,2.4
Alejandro Balde,DF,Spain,19-061,Barcelona,2003,4,1,126,1.4,0,0,0,0,0,0,0,0,0,0,0,0,0,0,0,0,0.04,0,0.04,0.04,0.04,Defender,86.8,0.87,0.15,4.4
Alex Sandro,DF,Brazil,31-326,Juventus,1991,3,2,190,2.1,0,0,0,0,0,0,0,0,0,0,0,0,0,0,0.1,0.1,0.01,0.04,0.05,0.01,0.05,Defender,0,0,0,0
Alex Telles,DF,Brazil,30-003,Sevilla,1992,2,1,59,0.7,0,0,0,0,0,0,0,0,0,0,0,0,0,0,0,0,0,0,0,0,0,Defender,0,0,0,0
Alexander Bah,DF,Denmark,25-009,Benfica,1997,2,0,46,0.5,0,0,0,0,0,0,0,0,0,0,0,0,0.1,0.1,0.1,0.1,0.11,0.14,0.25,0.11,0.25,Defender,0,0,0,0
Alexander Djiku,DF,Ghana,28-131,Strasbourg,1994,2,1,97,1.1,0,0,0,0,0,0,0,0,0,0,0,0,0,0,0,0,0,0,0,0,0,Defender,0,0,0,0
Ali Abdi,DF,Tunisia,28-363,Caen,1993,3,2,188,2.1,0,0,0,0,0,1,0,0,0,0,0,0,0,0,0,0,0,0.02,0.02,0,0.02,Defender,0,0,0,0
Ali Al-Bulaihi,DF,Saudi Arabia,33-027,Al-Hilal,1989,3,3,216,2.4,0,0,0,0,0,1,0,0,0,0,0,0,0,0,0,0,0,0,0,0,0,Defender,0,0,0,0
Ali Maaloul,DF,Tunisia,32-351,Al Ahly SC,1990,1,1,90,1,0,0,0,0,0,0,0,0,0,0,0,0,0,0,0,0,0,0,0,0,0,Defender,0,0,0,0
Alidu Seidu,DF,Ghana,22-197,Clermont Foot,2000,2,2,155,1.7,0,0,0,0,0,2,0,0,0,0,0,0,0,0,0,0,0.01,0,0.01,0.01,0.01,Defender,0,0,0,0
Alistair Johnston,DF,Canada,24-071,CF Montr횄짤al,1998,3,3,270,3,0,0,0,0,0,1,0,0,0,0,0,0,0.8,0.8,0.2,1,0.27,0.06,0.33,0.27,0.33,Defender,0,0,0,0
Andreas Christensen,DF,Denmark,26-252,Barcelona,1996,3,3,270,3,1,0,1,0,0,1,0,0.33,0,0.33,0.33,0.33,0.4,0.4,0,0.4,0.12,0,0.12,0.12,0.12,Defender,0,0,0,0
Andrija Zivkovic,DF,Serbia,26-160,PAOK,1996,3,3,210,2.3,0,2,0,0,0,0,0,0,0.86,0.86,0,0.86,0.1,0.1,1.1,1.2,0.03,0.48,0.5,0.03,0.5,Defender,0,0,0,0
Antonee Robinson,DF,United States,25-132,Fulham,1997,4,4,359,4,0,0,0,0,0,0,0,0,0,0,0,0,0,0,0.3,0.3,0,0.07,0.07,0,0.07,Defender,0,0,0,0
Antonio R체diger,DF,Germany,29-290,Real Madrid,1993,3,3,270,3,0,0,0,0,0,0,0,0,0,0,0,0,0.8,0.8,0,0.8,0.25,0,0.25,0.25,0.25,Defender,0,0,0,0
Antonio Silva,DF,Portugal,19-049,Benfica,2003,1,1,90,1,0,0,0,0,0,0,0,0,0,0,0,0,0,0,0,0,0,0,0,0,0,Defender,0,0,0,0
Artur Jedrzejczyk,DF,Poland,35-044,Legia Warsaw,1987,1,0,19,0.2,0,0,0,0,0,0,0,0,0,0,0,0,0,0,0,0,0,0,0,0,0,Defender,0,0,0,0
Axel Disasi,DF,France,24-282,Monaco,1998,3,1,92,1,0,0,0,0,0,0,0,0,0,0,0,0,0.1,0.1,0,0.1,0.07,0,0.07,0.07,0.07,Defender,0,0,0,0
Aymeric Laporte,DF,Spain,28-205,Manchester City,1994,3,3,300,3.3,0,0,0,0,0,1,0,0,0,0,0,0,0,0,0,0.1,0.01,0.01,0.02,0.01,0.02,Defender,0,2.1,0,0
Aziz Behich,DF,Australia,32-002,Dundee United,1990,4,4,360,4,0,0,0,0,0,1,0,0,0,0,0,0,0.1,0.1,0,0.1,0.03,0,0.03,0.03,0.03,Defender,0,0,0,0
Baba Rahman,DF,Ghana,28-169,Reading,1994,3,2,183,2,0,0,0,0,0,0,0,0,0,0,0,0,0,0,0.3,0.3,0,0.15,0.15,0,0.15,Defender,0,0,0,0
Badr Banoun,DF,Morocco,29-079,Qatar SC,1993,3,0,54,0.6,0,0,0,0,0,0,0,0,0,0,0,0,0,0,0,0,0,0,0,0,0,Defender,0,0,0,0
Bailey Wright,DF,Australia,30-143,Sunderland,1992,1,0,17,0.2,0,0,0,0,0,0,0,0,0,0,0,0,0,0,0,0,0,0,0,0,0,Defender,0,0,0,0
Bartosz BereszyA ski,DF,Poland,30-159,Sampdoria,1992,4,4,341,3.8,0,0,0,0,0,1,0,0,0,0,0,0,0,0,0,0,0,0,0,0,0,Defender,0,0,0,0
Bassam Al-Rawi,DF,Qatar,25-002,Al Duhail SC,1997,1,1,90,1,0,0,0,0,0,0,0,0,0,0,0,0,0,0,0,0,0,0.03,0.03,0,0.03,Defender,0,0,0,0
Ben Davies,DF,Wales,29-238,Tottenham,1993,3,3,238,2.6,0,0,0,0,0,0,0,0,0,0,0,0,0.3,0.3,0,0.3,0.13,0,0.13,0.13,0.13,Defender,0,0,0,0
Benjamin Pavard,DF,France,26-265,Bayern Munich,1996,1,1,88,1,0,0,0,0,0,0,0,0,0,0,0,0,0,0,0,0,0,0,0,0,0,Defender,0,0,0,0
Borna Bari횇징i횆혝,DF,Croatia,30-038,Rangers,1992,1,1,120,1.3,0,0,0,0,0,1,0,0,0,0,0,0,0,0,0.1,0.1,0.02,0.12,0.14,0.02,0.14,Defender,0,0,0,0
Borna Sosa,DF,Croatia,24-331,Stuttgart,1998,5,5,424,4.7,0,0,0,0,0,0,0,0,0,0,0,0,0.1,0.1,0.4,0.4,0.01,0.08,0.09,0.01,0.09,Defender,0,0,0,0
Boualem Khoukhi,DF,Qatar,32-162,Al Sadd SC,1990,3,3,270,3,0,0,0,0,0,0,0,0,0,0,0,0,0,0,0,0,0,0,0,0,0,Defender,0,0,0,0
Bryan Oviedo,DF,Costa Rica,32-303,Real Salt Lake,1990,3,3,260,2.9,0,0,0,0,0,0,0,0,0,0,0,0,0,0,0,0,0,0,0,0,0,Defender,0,0,0,0
Cameron Carter-Vickers,DF,United States,24-352,Celtic,1997,1,1,90,1,0,0,0,0,0,0,0,0,0,0,0,0,0,0,0,0,0,0,0,0,0,Defender,0,0,0,0
Carlos Mart횄짯nez,DF,Costa Rica,23-263,AD San Carlos,1999,1,1,45,0.5,0,0,0,0,0,0,0,0,0,0,0,0,0,0,0,0,0,0,0,0,0,Defender,0,0,0,0
Chris Mepham,DF,Wales,25-043,Bournemouth,1997,3,3,270,3,0,0,0,0,0,1,0,0,0,0,0,0,0,0,0.2,0.2,0,0.07,0.07,0,0.07,Defender,0,0,0,0
Christopher Wooh,DF,Cameroon,21-091,Rennes,2001,1,1,90,1,0,0,0,0,0,0,0,0,0,0,0,0,0,0,0,0,0.04,0,0.04,0.04,0.04,Defender,0,0,0,0
Collins Fai,DF,Cameroon,30-127,Al-Ta'ee,1992,3,3,270,3,0,0,0,0,0,2,0,0,0,0,0,0,0,0,0,0.1,0.01,0.01,0.02,0.01,0.02,Defender,0,0,0,0
Connor Roberts,DF,Wales,27-086,Burnley,1995,3,2,200,2.2,0,0,0,0,0,0,0,0,0,0,0,0,0,0,0.4,0.4,0,0.16,0.16,0,0.16,Defender,0,0,0,0
Cristian Romero,DF,Argentina,24-235,Tottenham,1998,7,6,547,6.1,0,0,0,0,0,2,0,0,0,0,0,0,0,0,0,0,0,0,0,0,0,Defender,89.8,4.1,0,0.5
C횄짤sar Azpilicueta,DF,Spain,33-112,Chelsea,1989,2,2,135,1.5,0,1,0,0,0,0,0,0,0.67,0.67,0,0.67,0,0,0.7,0.7,0,0.45,0.45,0,0.45,Defender,0,0,0,0
C횄짤sar Montes,DF,Mexico,25-297,Monterrey,1997,3,3,270,3,0,1,0,0,0,0,0,0,0.33,0.33,0,0.33,0.2,0.2,0.5,0.7,0.06,0.17,0.23,0.06,0.23,Defender,0,0,0,0
Daley Blind,DF,Netherlands,32-284,Ajax,1990,5,5,423,4.7,1,1,1,0,0,0,0,0.21,0.21,0.43,0.21,0.43,0.4,0.4,0.5,0.8,0.08,0.1,0.18,0.08,0.18,Defender,0,0,0,0
Dani Alves,DF,Brazil,39-226,UNAM,1983,2,1,118,1.3,0,0,0,0,0,0,0,0,0,0,0,0,0.2,0.2,0,0.2,0.14,0,0.14,0.14,0.14,Defender,0,0,0,0
Dani Carvajal,DF,Spain,30-341,Real Madrid,1992,2,1,135,1.5,0,0,0,0,0,0,0,0,0,0,0,0,0,0,0,0,0,0,0,0,0,Defender,0,0,0,0
Daniel Amartey,DF,Ghana,27-362,Leicester City,1994,3,3,251,2.8,0,0,0,0,0,2,0,0,0,0,0,0,0.2,0.2,0.1,0.3,0.08,0.03,0.1,0.08,0.1,Defender,0,0,0,0
Danilo,DF,Brazil,31-156,Juventus,1991,3,3,281,3.1,0,0,0,0,0,1,0,0,0,0,0,0,0,0,0,0,0.01,0,0.01,0.01,0.01,Defender,0,0,0,0
Danilo Pereira,DF,Portugal,31-100,Paris S-G,1991,1,1,90,1,0,0,0,0,0,1,0,0,0,0,0,0,0,0,0,0,0,0,0,0,0,Defender,0,0,0,0
Darko Lazovi횆혝,DF,Serbia,32-094,Hellas Verona,1990,1,0,25,0.3,0,0,0,0,0,0,0,0,0,0,0,0,0,0,0,0,0.05,0,0.05,0.05,0.05,Defender,0,0,0,0
David Raum,DF,Germany,24-240,RB Leipzig,1998,3,3,242,2.7,0,1,0,0,0,0,0,0,0.37,0.37,0,0.37,0,0,0.6,0.6,0,0.22,0.22,0,0.22,Defender,0,0,0,0
Dayot Upamecano,DF,France,24-052,Bayern Munich,1998,5,5,480,5.3,0,0,0,0,0,0,0,0,0,0,0,0,0,0,0.1,0.1,0.01,0.02,0.03,0.01,0.03,Defender,0,0,0,0
DeAndre Yedlin,DF,United States,29-162,Inter Miami,1993,2,0,33,0.4,0,0,0,0,0,0,0,0,0,0,0,0,0,0,0,0,0,0,0,0,0,Defender,0,0,0,0
Dejan Lovren,DF,Croatia,33-166,Zenit,1989,6,6,600,6.7,0,1,0,0,0,1,0,0,0.15,0.15,0,0.15,0.3,0.3,0,0.3,0.04,0.01,0.05,0.04,0.05,Defender,0,0,0,0
Denis Odoi,DF,Ghana,34-205,Club Brugge,1988,1,0,13,0.1,0,0,0,0,0,0,0,0,0,0,0,0,0,0,0,0,0,0,0,0,0,Defender,0,0,0,0
Denzel Dumfries,DF,Netherlands,26-244,Inter,1996,5,5,479,5.3,1,2,1,0,0,2,1,0.19,0.38,0.56,0.19,0.56,0.4,0.4,0.3,0.7,0.08,0.06,0.14,0.08,0.14,Defender,0,0,0,0
Diego God횄짯n,DF,Uruguay,36-305,V횄짤lez Sarsf,1986,2,2,151,1.7,0,0,0,0,0,0,0,0,0,0,0,0,0.1,0.1,0,0.1,0.03,0,0.03,0.03,0.03,Defender,0,0,0,0
Diogo Dalot,DF,Portugal,23-275,Manchester Utd,1999,3,3,258,2.9,0,2,0,0,0,0,0,0,0.7,0.7,0,0.7,0,0,0.7,0.8,0.01,0.25,0.26,0.01,0.26,Defender,0,0,0,0
Dylan Bronn,DF,Tunisia,27-182,Salernitana,1995,2,2,162,1.8,0,0,0,0,0,0,0,0,0,0,0,0,0.1,0.1,0,0.1,0.04,0,0.04,0.04,0.04,Defender,0,0,0,0
Eduardo Camavinga,DF,France,20-038,Real Madrid,2002,2,1,140,1.6,0,0,0,0,0,0,0,0,0,0,0,0,0,0,0.1,0.1,0,0.11,0.11,0,0.11,Defender,0,0,0,0
Enzo Ebosse,DF,Cameroon,23-282,Udinese,1999,1,1,90,1,0,0,0,0,0,0,0,0,0,0,0,0,0,0,0,0,0,0,0,0,0,Defender,0,0,0,0
Eray C횄쨋mert,DF,Switzerland,24-317,Valencia,1998,2,0,46,0.5,0,0,0,0,0,1,0,0,0,0,0,0,0,0,0,0,0,0,0,0,0,Defender,0,0,0,0
Eric Dier,DF,England,28-337,Tottenham,1994,2,0,36,0.4,0,0,0,0,0,0,0,0,0,0,0,0,0,0,0,0,0,0,0,0,0,Defender,0,0,0,0
Fabian Sch횄짚r,DF,Switzerland,30-363,Newcastle Utd,1991,2,2,135,1.5,0,0,0,0,0,2,0,0,0,0,0,0,0.1,0.1,0,0.1,0.09,0,0.09,0.09,0.09,Defender,0,0,0,0
Filip Kosti횆혝,DF,Serbia,30-047,Juventus,1992,2,2,179,2,0,0,0,0,0,0,0,0,0,0,0,0,0,0,0,0.1,0.01,0.02,0.03,0.01,0.03,Defender,0,0,0,0
Filip Mladenovi횆혝,DF,Serbia,31-125,Legia Warsaw,1991,1,1,65,0.7,0,0,0,0,0,0,0,0,0,0,0,0,0,0,0,0,0.03,0,0.03,0.03,0.03,Defender,0,0,0,0
Fod횄짤 Ballo-Tour횄짤,DF,Senegal,25-349,Milan,1997,1,0,7,0.1,0,0,0,0,0,0,0,0,0,0,0,0,0,0,0,0,0,0,0,0,0,Defender,0,0,0,0
Fran Kara횆혥i횆혝,DF,Australia,26-220,Brescia,1996,2,1,93,1,0,0,0,0,0,0,0,0,0,0,0,0,0.2,0.2,0.1,0.3,0.17,0.09,0.27,0.17,0.27,Defender,0,0,0,0
Francisco Calvo,DF,Costa Rica,30-163,Konyaspor,1992,2,2,180,2,0,0,0,0,0,2,0,0,0,0,0,0,0,0,0,0,0.01,0,0.01,0.01,0.01,Defender,0,0,0,0
F횄짤lix Torres Caicedo,DF,Ecuador,25-341,Santos,1997,3,3,270,3,0,1,0,0,0,0,0,0,0.33,0.33,0,0.33,0.1,0.1,0.4,0.6,0.04,0.15,0.19,0.04,0.19,Defender,0,0,0,0
Germ횄징n Pezzella,DF,Argentina,31-174,Betis,1991,3,0,60,0.7,0,0,0,0,0,1,0,0,0,0,0,0,0.1,0.1,0,0.1,0.24,0,0.24,0.24,0.24,Defender,0,0,0,0
Gideon Mensah,DF,Ghana,24-153,Auxerre,1998,1,1,87,1,0,1,0,0,0,0,0,0,1.03,1.03,0,1.03,0,0,0.3,0.3,0,0.28,0.28,0,0.28,Defender,0,0,0,0
Gleison Bremer,DF,Brazil,25-275,Juventus,1997,2,1,109,1.2,0,0,0,0,0,0,0,0,0,0,0,0,0.2,0.2,0,0.2,0.14,0,0.14,0.14,0.14,Defender,0,0,0,0
Gonzalo Montiel,DF,Argentina,25-351,Sevilla,1997,4,1,118,1.3,0,0,0,0,0,3,0,0,0,0,0,0,0,0,0.3,0.4,0.02,0.42,0.44,0.02,0.44,Defender,0,0,0,0
Guillermo Varela,DF,Uruguay,29-269,Flamengo,1993,3,2,183,2,0,0,0,0,0,0,0,0,0,0,0,0,0,0,0.1,0.1,0,0.05,0.05,0,0.05,Defender,0,0,0,0
Harry Maguire,DF,England,29-288,Manchester Utd,1993,5,5,429,4.8,0,1,0,0,0,1,0,0,0.21,0.21,0,0.21,0.4,0.4,0,0.4,0.08,0.01,0.09,0.08,0.09,Defender,3.8,0,0,0
Harry Souttar,DF,Australia,24-057,Stoke City,1998,4,4,360,4,0,0,0,0,0,0,0,0,0,0,0,0,0.1,0.1,0,0.1,0.02,0.01,0.03,0.02,0.03,Defender,0,0,0,0
Hassan Al Tambakti,DF,Saudi Arabia,23-312,Al-Shabab,1999,2,2,180,2,0,0,0,0,0,1,0,0,0,0,0,0,0,0,0,0,0,0,0,0,0,Defender,0,0,0,0
Hiroki Ito,DF,Japan,23-220,Stuttgart,1999,1,0,45,0.5,0,0,0,0,0,0,0,0,0,0,0,0,0,0,0,0,0,0.09,0.09,0,0.09,Defender,0,0,0,0
Homam Ahmed,DF,Qatar,23-115,Al-Gharafa Sports Club,1999,3,3,262,2.9,0,0,0,0,0,1,0,0,0,0,0,0,0,0,0,0,0,0.01,0.01,0,0.01,Defender,0,0,0,0
Hong Chul,DF,Korea Republic,32-092,Daegu,1990,1,0,45,0.5,0,0,0,0,0,0,0,0,0,0,0,0,0,0,0.1,0.1,0,0.13,0.13,0,0.13,Defender,0,0,0,0
Hossein Kanaanizadegan,DF,IR Iran,28-270,Al Ahli SC,1994,1,0,45,0.5,0,0,0,0,0,1,0,0,0,0,0,0,0,0,0,0,0,0,0,0,0,Defender,0,0,0,0
H횄짤ctor Moreno,DF,Mexico,34-335,Monterrey,1988,3,3,270,3,0,0,0,0,0,1,0,0,0,0,0,0,0.2,0.2,0,0.2,0.06,0.01,0.07,0.06,0.07,Defender,0,0,0,0
Ibrahima Konat횄짤,DF,France,23-207,Liverpool,1999,5,3,294,3.3,0,0,0,0,0,0,0,0,0,0,0,0,0.4,0.4,0.4,0.7,0.12,0.12,0.23,0.12,0.23,Defender,0,0,0,0
Ismail Jakobs,DF,Senegal,23-123,Monaco,1999,4,3,278,3.1,0,1,0,0,0,1,0,0,0.32,0.32,0,0.32,0,0,0.3,0.3,0,0.1,0.11,0,0.11,Defender,0,0,0,0
Jackson Porozo,DF,Ecuador,22-136,Troyes,2000,2,1,96,1.1,0,0,0,0,0,0,0,0,0,0,0,0,0.1,0.1,0,0.1,0.05,0,0.05,0.05,0.05,Defender,0,0,0,0
Jakub Kiwior,DF,Poland,22-306,Spezia,2000,4,4,355,3.9,0,0,0,0,0,1,0,0,0,0,0,0,0,0,0,0,0.01,0,0.01,0.01,0.01,Defender,0,0,0,0
Jan Bednarek,DF,Poland,26-250,Aston Villa,1996,1,0,5,0.1,0,0,0,0,0,0,0,0,0,0,0,0,0,0,0,0,0,0,0,0,0,Defender,0,0,0,0
Jan Vertonghen,DF,Belgium,35-238,Anderlecht,1987,3,3,270,3,0,0,0,0,0,0,0,0,0,0,0,0,0.2,0.2,0,0.2,0.06,0,0.06,0.06,0.06,Defender,0,0,0,0
Jawad El Yamiq,DF,Morocco,30-292,Valladolid,1992,6,3,309,3.4,0,0,0,0,0,0,0,0,0,0,0,0,0.1,0.1,0,0.1,0.03,0,0.03,0.03,0.03,Defender,0,0,0,0
Jean-Charles Castelletto,DF,Cameroon,27-326,Nantes,1995,2,2,180,2,1,1,1,0,0,0,0,0.5,0.5,1,0.5,1,0.9,0.9,0.3,1.2,0.47,0.15,0.62,0.47,0.62,Defender,0,0,0,0
Jes횄쨘s Gallardo,DF,Mexico,28-125,Monterrey,1994,3,3,270,3,0,0,0,0,0,0,0,0,0,0,0,0,0.1,0.1,0,0.1,0.04,0.01,0.05,0.04,0.05,Defender,0,0,0,0
Joachim Andersen,DF,Denmark,26-201,Crystal Palace,1996,3,3,270,3,0,1,0,0,0,0,0,0,0.33,0.33,0,0.33,0.1,0.1,0.2,0.3,0.03,0.08,0.11,0.03,0.11,Defender,0,0,0,0
Joakim M횄짝hle,DF,Denmark,25-212,Atalanta,1997,3,3,249,2.8,0,0,0,0,0,0,0,0,0,0,0,0,0,0,0,0.1,0.01,0.01,0.03,0.01,0.03,Defender,0,0,0,0
Joe Rodon,DF,Wales,25-057,Rennes,1997,3,3,270,3,0,0,0,0,0,1,0,0,0,0,0,0,0,0,0,0,0,0,0,0,0,Defender,0,0,0,0
John Stones,DF,England,28-204,Manchester City,1994,5,5,434,4.8,0,0,0,0,0,0,0,0,0,0,0,0,0.4,0.4,0.1,0.4,0.07,0.01,0.09,0.07,0.09,Defender,0,0,0,0
Jordi Alba,DF,Spain,33-272,Barcelona,1989,4,3,264,2.9,0,2,0,0,0,0,0,0,0.68,0.68,0,0.68,0,0,0.9,0.9,0.01,0.31,0.32,0.01,0.32,Defender,92.9,0.7,1.7,0.8
Jorge Eduardo S횄징nchez,DF,Mexico,25-008,Ajax,1997,2,2,175,1.9,0,0,0,0,0,1,0,0,0,0,0,0,0,0,0,0,0.01,0,0.01,0.01,0.01,Defender,0,0,0,0
Josip Juranovi횆혝,DF,Croatia,27-124,Celtic,1995,6,6,600,6.7,0,1,0,0,0,0,0,0,0.15,0.15,0,0.15,0,0,0.3,0.4,0.01,0.05,0.06,0.01,0.06,Defender,0,0,0,0
Josip Stani횇징i횆혝,DF,Croatia,22-260,Bayern Munich,2000,1,1,90,1,0,0,0,0,0,0,0,0,0,0,0,0,0,0,0,0,0.02,0,0.02,0.02,0.02,Defender,0,0,0,0
Josip 횇혻utalo,DF,Croatia,22-293,Dinamo Zagreb,2000,1,1,90,1,0,0,0,0,0,0,0,0,0,0,0,0,0,0,0,0,0,0,0,0,0,Defender,0,0,0,0
Jos횄짤 Mar횄짯a Gim횄짤nez,DF,Uruguay,27-332,Atl횄짤tico Madrid,1995,3,3,270,3,0,0,0,0,0,1,0,0,0,0,0,0,0.2,0.2,0,0.2,0.06,0,0.06,0.06,0.06,Defender,0,0,0,0
Joao Cancelo,DF,Portugal,28-205,Manchester City,1994,4,3,310,3.4,0,0,0,0,0,0,0,0,0,0,0,0,0,0,0,0,0.01,0,0.01,0.01,0.01,Defender,90.3,1.7,0.1,0.5
Josko Gvardiol,DF,Croatia,20-329,RB Leipzig,2002,7,7,690,7.7,1,0,1,0,0,0,0,0.13,0,0.13,0.13,0.13,0.1,0.1,0,0.2,0.02,0.01,0.03,0.02,0.03,Defender,89.9,4.8,0.4,1.2
Juan Foyth,DF,Argentina,24-340,Villarreal,1998,1,0,5,0.1,0,0,0,0,0,0,0,0,0,0,0,0,0,0,0,0,0,0,0,0,0,Defender,0,0,0,0
Juan Pablo Vargas,DF,Costa Rica,27-195,Millonarios,1995,1,1,90,1,1,0,1,0,0,0,0,1,0,1,1,1,0.5,0.5,0,0.5,0.46,0,0.46,0.46,0.46,Defender,0,0,0,0
Jules Kounde,DF,France,24-036,Barcelona,1998,6,5,480,5.3,0,0,0,0,0,1,0,0,0,0,0,0,0.2,0.2,0.1,0.3,0.04,0.01,0.05,0.04,0.05,Defender,86.6,2.48,0.13,1.62
Jurri횄짬n Timber,DF,Netherlands,21-184,Ajax,2001,4,4,390,4.3,0,0,0,0,0,1,0,0,0,0,0,0,0,0,0,0,0,0,0,0,0,Defender,0,0,0,0
Kalidou Koulibaly,DF,Senegal,31-181,Chelsea,1991,4,4,360,4,1,0,1,0,0,1,0,0.25,0,0.25,0.25,0.25,0.5,0.5,0,0.5,0.12,0.01,0.13,0.12,0.13,Defender,0,0,0,0
Kamal Miller,DF,Canada,25-216,CF Montr횄짤al,1997,3,3,270,3,0,0,0,0,0,1,0,0,0,0,0,0,0,0,0,0,0,0,0,0,0,Defender,0,0,0,0
Kamil Glik,DF,Poland,34-318,Benevento,1988,4,4,360,4,0,0,0,0,0,0,0,0,0,0,0,0,0.2,0.2,0,0.2,0.06,0,0.06,0.06,0.06,Defender,0,0,0,0
Kendall Waston,DF,Costa Rica,34-351,Deportivo Saprissa,1988,3,2,225,2.5,0,0,0,0,0,0,0,0,0,0,0,0,0.2,0.2,0,0.2,0.06,0,0.06,0.06,0.06,Defender,0,0,0,0
Kevin 횄혖lvarez,DF,Mexico,23-337,Pachuca,1999,2,1,70,0.8,0,0,0,0,0,0,0,0,0,0,0,0,0,0,0,0,0,0,0,0,0,Defender,0,0,0,0
Keysher Fuller,DF,Costa Rica,28-160,Club Sport Herediano,1994,3,3,253,2.8,1,0,1,0,0,0,0,0.36,0,0.36,0.36,0.36,0.4,0.4,0.2,0.5,0.14,0.05,0.19,0.14,0.19,Defender,0,0,0,0
Kieran Trippier,DF,England,32-090,Newcastle Utd,1990,3,2,206,2.3,0,0,0,0,0,0,0,0,0,0,0,0,0,0,0.1,0.2,0.02,0.07,0.09,0.02,0.09,Defender,0,0,0,0
Kim Jin-su,DF,Korea Republic,30-188,Jeonbuk,1992,4,4,315,3.5,0,1,0,0,0,0,0,0,0.29,0.29,0,0.29,0.3,0.3,0.6,0.9,0.09,0.17,0.27,0.09,0.27,Defender,0,0,0,0
Kim Min-jae,DF,Korea Republic,26-033,Napoli,1996,3,3,269,3,0,0,0,0,0,0,0,0,0,0,0,0,0.1,0.1,0,0.1,0.03,0,0.03,0.03,0.03,Defender,0,0,0,0
Kim Moonhwan,DF,Korea Republic,27-139,Jeonbuk,1995,4,4,360,4,0,0,0,0,0,0,0,0,0,0,0,0,0,0,0.6,0.6,0,0.15,0.15,0,0.15,Defender,0,0,0,0
Kim Young-gwon,DF,Korea Republic,32-294,Ulsan Hyundai,1990,4,4,350,3.9,1,0,1,0,0,1,0,0.26,0,0.26,0.26,0.26,0.8,0.8,0.2,0.9,0.19,0.05,0.24,0.19,0.24,Defender,0,0,0,0
Ko Itakura,DF,Japan,25-325,M'Gladbach,1997,3,3,270,3,0,1,0,0,0,2,0,0,0.33,0.33,0,0.33,0.2,0.2,0.1,0.2,0.05,0.03,0.08,0.05,0.08,Defender,0,0,0,0
Kwon Kyung-won,DF,Korea Republic,30-321,Gamba Osaka,1992,2,1,91,1,0,0,0,0,0,0,0,0,0,0,0,0,0,0,0,0,0.02,0,0.02,0.02,0.02,Defender,0,0,0,0
Kye Rowles,DF,Australia,24-177,Hearts,1998,4,4,360,4,0,0,0,0,0,0,0,0,0,0,0,0,0,0,0,0,0,0,0,0,0,Defender,0,0,0,0
Kyle Walker,DF,England,32-204,Manchester City,1990,3,3,236,2.6,0,0,0,0,0,0,0,0,0,0,0,0,0,0,0,0,0,0,0,0,0,Defender,0,0,0,0
Leander Dendoncker,DF,Belgium,27-247,Aston Villa,1995,2,2,161,1.8,0,0,0,0,0,1,0,0,0,0,0,0,0.1,0.1,0.4,0.4,0.05,0.2,0.25,0.05,0.25,Defender,0,0,0,0
Liam Millar,DF,Canada,23-082,Basel,1999,1,0,10,0.1,0,0,0,0,0,0,0,0,0,0,0,0,0,0,0,0,0,0,0,0,0,Defender,0,0,0,0
Lisandro Marti춏ez,DF,Argentina,24-334,Manchester Utd,1998,5,2,303,3.4,0,0,0,0,0,1,0,0,0,0,0,0,0.1,0.1,0.7,0.8,0.04,0.21,0.25,0.04,0.25,Defender,86.3,3.9,0.3,1.78
Lucas Hern횄징ndez,DF,France,26-307,Bayern Munich,1996,1,1,12,0.1,0,0,0,0,0,0,0,0,0,0,0,0,0,0,0,0,0,0,0,0,0,Defender,0,0,0,0
Lukas Klostermann,DF,Germany,26-198,RB Leipzig,1996,2,0,66,0.7,0,0,0,0,0,0,0,0,0,0,0,0,0,0,0,0,0,0,0,0,0,Defender,0,0,0,0
Luke Shaw,DF,England,27-159,Manchester Utd,1995,5,5,424,4.7,0,1,0,0,0,0,0,0,0.21,0.21,0,0.21,0.1,0.1,0.8,0.9,0.02,0.17,0.19,0.02,0.19,Defender,86,1.2,1.7,0
Majid Hosseini,DF,IR Iran,26-181,Kayserispor,1996,3,3,270,3,0,0,0,0,0,1,0,0,0,0,0,0,0,0,0,0,0,0,0,0,0,Defender,0,0,0,0
Manuel Akanji,DF,Switzerland,27-152,Manchester City,1995,4,4,360,4,1,0,1,0,0,1,0,0.25,0,0.25,0.25,0.25,1.1,1.1,0.1,1.2,0.28,0.03,0.3,0.28,0.3,Defender,0,0,0,0
Marcos Acu횄짹a,DF,Argentina,31-051,Sevilla,1991,6,4,373,4.1,0,0,0,0,0,3,0,0,0,0,0,0,0.1,0.1,0.3,0.4,0.02,0.07,0.1,0.02,0.1,Defender,0,0,0,0
Marcos Llorente,DF,Spain,27-322,Atl횄짤tico Madrid,1995,1,1,120,1.3,0,0,0,0,0,0,0,0,0,0,0,0,0,0,0,0,0.02,0,0.02,0.02,0.02,Defender,0,0,0,0
Marquinhos,DF,Brazil,28-218,Paris S-G,1994,5,4,426,4.7,0,0,0,0,0,1,0,0,0,0,0,0,0.2,0.2,0.8,0.9,0.04,0.17,0.21,0.04,0.21,Defender,0,0,0,0
Mart횄짯n C횄징ceres,DF,Uruguay,35-255,LA Galaxy,1987,1,1,90,1,0,0,0,0,0,1,0,0,0,0,0,0,0,0,0,0,0,0,0,0,0,Defender,0,0,0,0
Math횄짯as Olivera,DF,Uruguay,25-048,Napoli,1997,3,3,253,2.8,0,0,0,0,0,1,0,0,0,0,0,0,0.1,0.1,0.4,0.5,0.03,0.15,0.18,0.03,0.18,Defender,0,0,0,0
Matthias Ginter,DF,Germany,28-333,Freiburg,1994,1,0,1,0,0,0,0,0,0,0,0,0,0,0,0,0,0,0,0,0,0,0,0,0,0,Defender,0,0,0,0
Matthijs de Ligt,DF,Netherlands,23-128,Bayern Munich,1999,2,1,91,1,0,0,0,0,0,1,0,0,0,0,0,0,0,0,0,0,0,0,0,0,0,Defender,0,0,0,0
Matty Cash,DF,Poland,25-133,Aston Villa,1997,4,4,360,4,0,0,0,0,0,2,0,0,0,0,0,0,0,0,0.2,0.2,0.01,0.04,0.05,0.01,0.05,Defender,0,0,0,0
Mat횄짯as Vi횄짹a,DF,Uruguay,25-039,Roma,1997,2,0,17,0.2,0,0,0,0,0,0,0,0,0,0,0,0,0,0,0,0,0,0,0,0,0,Defender,0,0,0,0
Maya Yoshida,DF,Japan,34-116,Schalke 04,1988,4,4,390,4.3,0,1,0,0,0,1,0,0,0.23,0.23,0,0.23,0,0,0.4,0.4,0,0.09,0.09,0,0.09,Defender,0,0,0,0
Miki Yamane,DF,Japan,28-361,Kawa Frontale,1993,1,1,61,0.7,0,0,0,0,0,1,0,0,0,0,0,0,0,0,0.1,0.1,0,0.11,0.11,0,0.11,Defender,0,0,0,0
Milad Mohammadi,DF,IR Iran,29-080,AEK Athens,1993,3,3,196,2.2,0,0,0,0,0,0,0,0,0,0,0,0,0,0,0,0,0,0,0,0,0,Defender,0,0,0,0
Milo횇징 Degenek,DF,Australia,28-234,Columbus Crew,1994,4,2,183,2,0,0,0,0,0,2,0,0,0,0,0,0,0,0,0,0,0,0,0,0,0,Defender,0,0,0,0
Milo횇징 Veljkovi횆혝,DF,Serbia,27-083,Werder Bremen,1995,3,3,221,2.5,0,0,0,0,0,0,0,0,0,0,0,0,0,0,0,0,0,0,0,0,0,Defender,0,0,0,0
Mohamed Dr횄짚ger,DF,Tunisia,26-176,Luzern,1996,2,2,132,1.5,0,0,0,0,0,0,0,0,0,0,0,0,0.2,0.2,0,0.2,0.14,0.01,0.15,0.14,0.15,Defender,0,0,0,0
Mohammed Al-Breik,DF,Saudi Arabia,30-094,Al-Hilal,1992,2,1,65,0.7,0,0,0,0,0,0,0,0,0,0,0,0,0.4,0,0,0.1,0.51,0.07,0.58,0.03,0.1,Defender,0,0,0,0
Mohammed Salisu,DF,Ghana,23-245,Southampton,1999,3,3,270,3,1,0,1,0,0,0,0,0.33,0,0.33,0.33,0.33,0.8,0.8,0.2,1,0.26,0.08,0.34,0.26,0.34,Defender,0,0,0,0
Montassar Talbi,DF,Tunisia,24-206,Lorient,1998,3,3,270,3,0,0,0,0,0,0,0,0,0,0,0,0,0,0,0,0,0,0,0,0,0,Defender,0,0,0,0
Morteza Pouraliganji,DF,IR Iran,30-243,Persepolis,1992,3,3,270,3,0,0,0,0,0,1,0,0,0,0,0,0,0.1,0.1,0.2,0.3,0.03,0.07,0.09,0.03,0.09,Defender,0,0,0,0
Musab Kheder,DF,Qatar,29-083,Al Sadd SC,1993,1,0,6,0.1,0,0,0,0,0,0,0,0,0,0,0,0,0,0,0,0,0,0,0,0,0,Defender,0,0,0,0
Nader Ghandri,DF,Tunisia,27-303,Club Africain,1995,1,1,90,1,0,0,0,0,0,0,0,0,0,0,0,0,0,0,0,0,0,0,0,0,0,Defender,0,0,0,0
Nahuel Molina,DF,Argentina,24-256,Atl횄짤tico Madrid,1998,7,6,567,6.3,1,1,1,0,0,0,0,0.16,0.16,0.32,0.16,0.32,0.5,0.5,0.3,0.8,0.07,0.05,0.12,0.07,0.12,Defender,80.6,2.7,0.5,1.14
Nathan Ake,DF,Netherlands,27-303,Manchester City,1995,5,5,479,5.3,0,0,0,0,0,1,0,0,0,0,0,0,0,0,0,0,0,0,0,0,0,Defender,89.9,3.76,0,0
Nathaniel Atkinson,DF,Australia,23-188,Hearts,1999,1,1,84,0.9,0,0,0,0,0,0,0,0,0,0,0,0,0,0,0,0,0,0,0,0,0,Defender,0,0,0,0
Nayef Aguerd,DF,Morocco,26-263,West Ham,1996,4,4,353,3.9,0,0,0,0,0,0,0,0,0,0,0,0,0.2,0.2,0,0.2,0.04,0.01,0.05,0.04,0.05,Defender,86.7,3.76,0,0
Neco Williams,DF,Wales,21-249,Nott'ham Forest,2001,3,3,204,2.3,0,0,0,0,0,0,0,0,0,0,0,0,0.1,0.1,0.1,0.2,0.04,0.03,0.07,0.04,0.07,Defender,0,0,0,0
Nemanja Radonji횆혝,DF,Serbia,26-306,Torino,1996,3,0,60,0.7,0,0,0,0,0,0,0,0,0,0,0,0,0.1,0.1,0,0.1,0.15,0.05,0.19,0.15,0.19,Defender,0,0,0,0
Nico Elvedi,DF,Switzerland,26-079,M'Gladbach,1996,2,2,180,2,0,0,0,0,0,1,0,0,0,0,0,0,0.1,0.1,0,0.1,0.04,0,0.04,0.04,0.04,Defender,0,0,0,0
Nico Schlotterbeck,DF,Germany,23-017,Dortmund,1999,2,1,94,1,0,0,0,0,0,0,0,0,0,0,0,0,0,0,0.1,0.1,0,0.07,0.07,0,0.07,Defender,0,0,0,0
Nicolas Nkoulou,DF,Cameroon,32-266,Aris,1990,2,2,180,2,0,1,0,0,0,1,0,0,0.5,0.5,0,0.5,0.3,0.3,0,0.3,0.14,0,0.14,0.14,0.14,Defender,0,0,0,0
Nicolas Otamendi,DF,Argentina,34-309,Benfica,1988,7,7,690,7.7,0,1,0,0,0,2,0,0,0.13,0.13,0,0.13,0,0,0.2,0.2,0,0.02,0.03,0,0.03,Defender,92.3,3.1,0,0
Nicolas Tagliafico,DF,Argentina,30-109,Lyon,1992,6,3,373,4.1,0,0,0,0,0,0,0,0,0,0,0,0,1,1,0.2,1.2,0.26,0.05,0.31,0.26,0.31,Defender,0,0,0,0
Niklas Sule,DF,Germany,27-106,Dortmund,1995,3,3,269,3,0,0,0,0,0,0,0,0,0,0,0,0,0.1,0.1,0,0.1,0.04,0,0.04,0.04,0.04,Defender,0,0,0,0
Nikola Milenkovi횆혝,DF,Serbia,25-067,Fiorentina,1997,3,3,270,3,0,0,0,0,0,2,0,0,0,0,0,0,0.2,0.2,0,0.2,0.06,0,0.06,0.06,0.06,Defender,0,0,0,0
Nouhou Tolo,DF,Cameroon,25-178,Seattle,1997,3,3,270,3,0,0,0,0,0,1,0,0,0,0,0,0,0,0,0,0,0,0,0,0,0,Defender,0,0,0,0
Noussair Mazraoui,DF,Morocco,25-034,Bayern Munich,1997,5,5,365,4.1,0,0,0,0,0,0,0,0,0,0,0,0,0.2,0.2,0,0.2,0.04,0.01,0.04,0.04,0.04,Defender,0,0,0,0
Nuno Mendes,DF,Portugal,20-182,Paris S-G,2002,1,1,41,0.5,0,0,0,0,0,0,0,0,0,0,0,0,0,0,0,0,0,0.04,0.04,0,0.04,Defender,0,0,0,0
N횄짤stor Araujo,DF,Mexico,31-111,Am횄짤rica,1991,1,1,90,1,0,0,0,0,0,1,0,0,0,0,0,0,0,0,0,0,0,0,0,0,0,Defender,0,0,0,0
Pape Abou Ciss횄짤,DF,Senegal,27-095,Olympiacos,1995,3,1,105,1.2,0,0,0,0,0,0,0,0,0,0,0,0,0,0,0,0,0,0,0,0,0,Defender,0,0,0,0
Pau Torres,DF,Spain,25-336,Villarreal,1997,1,1,90,1,0,0,0,0,0,0,0,0,0,0,0,0,0,0,0,0,0,0,0,0,0,Defender,0,0,0,0
Pepe,DF,Portugal,39-295,Porto,1983,4,4,360,4,1,0,1,0,0,0,0,0.25,0,0.25,0.25,0.25,0.4,0.4,0,0.4,0.11,0,0.11,0.11,0.11,Defender,0,0,0,0
Pervis Estupi횄짹횄징n,DF,Ecuador,24-331,Brighton,1998,3,3,270,3,0,0,0,0,0,0,0,0,0,0,0,0,0.1,0.1,0.3,0.3,0.02,0.09,0.11,0.02,0.11,Defender,0,0,0,0
Piero Hincapi횄짤,DF,Ecuador,20-343,Leverkusen,2002,3,3,270,3,0,0,0,0,0,0,0,0,0,0,0,0,0,0,0,0,0,0,0,0,0,Defender,0,0,0,0
Ramin Rezaeian,DF,IR Iran,32-272,Sepahan,1990,2,2,180,2,1,0,1,0,0,1,0,0.5,0,0.5,0.5,0.5,0.3,0.3,0.3,0.5,0.13,0.14,0.27,0.13,0.27,Defender,0,0,0,0
Raphael Guerreiro,DF,Portugal,28-361,Dortmund,1993,4,3,279,3.1,1,2,1,0,0,0,0,0.32,0.65,0.97,0.32,0.97,0.4,0.4,0.6,1,0.12,0.19,0.31,0.12,0.31,Defender,88.4,0.65,1.9,0.6
Rapha횄짬l Varane,DF,France,29-237,Manchester Utd,1993,6,6,518,5.8,0,0,0,0,0,0,0,0,0,0,0,0,0.3,0.3,0,0.3,0.06,0,0.06,0.06,0.06,Defender,0,0,0,0
Rasmus Nissen,DF,Denmark,25-160,Leeds United,1997,3,3,224,2.5,0,0,0,0,0,1,0,0,0,0,0,0,0,0,0,0,0,0.01,0.01,0,0.01,Defender,0,0,0,0
Ricardo Rodr횄짯guez,DF,Switzerland,30-115,Torino,1992,4,4,359,4,0,0,0,0,0,0,0,0,0,0,0,0,0,0,0.2,0.2,0,0.04,0.04,0,0.04,Defender,0,0,0,0
Richie Laryea,DF,Canada,27-345,Toronto FC,1995,3,2,160,1.8,0,0,0,0,0,0,0,0,0,0,0,0,0.1,0.1,0.5,0.6,0.04,0.3,0.34,0.04,0.34,Defender,0,0,0,0
Robert Skov,DF,Denmark,26-212,Hoffenheim,1996,1,0,22,0.2,0,0,0,0,0,1,0,0,0,0,0,0,0,0,0,0,0,0,0,0,0,Defender,0,0,0,0
Rodri,DF,Spain,26-179,Manchester City,1996,4,4,390,4.3,0,0,0,0,0,0,0,0,0,0,0,0,0,0,0.2,0.2,0.01,0.04,0.05,0.01,0.05,Defender,94.6,2.1,0,0
Romain Saiss,DF,Morocco,32-267,Be횇혺ikta횇혺,1990,6,6,466,5.2,1,0,1,0,0,1,0,0.19,0,0.19,0.19,0.19,0.8,0.8,0,0.8,0.16,0,0.16,0.16,0.16,Defender,80.3,5.8,0,0
Roozbeh Cheshmi,DF,IR Iran,29-147,Esteghlal,1993,2,1,58,0.6,1,0,1,0,0,0,0,1.55,0,1.55,1.55,1.55,0.1,0.1,0,0.1,0.08,0,0.08,0.08,0.08,Defender,0,0,0,0
R횄쨀-R횄쨀,DF,Qatar,32-134,Al Sadd SC,1990,3,3,262,2.9,0,0,0,0,0,0,0,0,0,0,0,0,0.1,0.1,0,0.1,0.02,0,0.02,0.02,0.02,Defender,0,0,0,0
R횄쨀nald Matarrita,DF,Costa Rica,28-162,FC Cincinnati,1994,2,0,26,0.3,0,0,0,0,0,0,0,0,0,0,0,0,0,0,0,0,0,0,0,0,0,Defender,0,0,0,0
Ruben Dias,DF,Portugal,25-218,Manchester City,1997,4,4,360,4,0,0,0,0,0,1,0,0,0,0,0,0,0,0,0,0,0.01,0,0.01,0.01,0.01,Defender,0,0,0,0
Sadegh Moharrami,DF,IR Iran,26-292,Dinamo Zagreb,1996,1,1,90,1,0,0,0,0,0,0,0,0,0,0,0,0,0,0,0,0,0,0,0,0,0,Defender,0,0,0,0
Sam Adekugbe,DF,Canada,27-336,Hatayspor,1995,3,1,95,1.1,0,0,0,0,0,1,0,0,0,0,0,0,0,0,0.1,0.1,0,0.09,0.09,0,0.09,Defender,0,0,0,0
Saud Abdulhamid,DF,Saudi Arabia,23-153,Al-Hilal,1999,3,3,270,3,0,0,0,0,0,1,0,0,0,0,0,0,0,0,0,0.1,0.01,0.02,0.02,0.01,0.02,Defender,0,0,0,0
Sebasti횄징n Coates,DF,Uruguay,32-072,Sporting CP,1990,2,2,180,2,0,0,0,0,0,1,0,0,0,0,0,0,0.1,0.1,0,0.1,0.05,0,0.05,0.05,0.05,Defender,0,0,0,0
Sergi횄짹o Dest,DF,United States,22-045,Milan,2000,4,4,305,3.4,0,1,0,0,0,1,0,0,0.3,0.3,0,0.3,0.2,0.2,0.5,0.7,0.07,0.15,0.22,0.07,0.22,Defender,0,0,0,0
Shaquell Moore,DF,United States,26-046,Nashville,1996,2,0,22,0.2,0,0,0,0,0,0,0,0,0,0,0,0,0,0,0,0,0,0,0,0,0,Defender,0,0,0,0
Shogo Taniguchi,DF,Japan,31-156,Kawa Frontale,1991,2,2,210,2.3,0,0,0,0,0,1,0,0,0,0,0,0,0.2,0.2,0,0.2,0.12,0,0.12,0.12,0.12,Defender,0,0,0,0
Silvan Widmer,DF,Switzerland,29-288,Mainz 05,1993,3,3,265,2.9,0,1,0,0,0,1,0,0,0.34,0.34,0,0.34,0,0,0.8,0.9,0.01,0.29,0.3,0.01,0.3,Defender,0,0,0,0
Simon Kj횄짝r,DF,Denmark,33-267,Milan,1989,1,1,64,0.7,0,0,0,0,0,0,0,0,0,0,0,0,0,0,0,0,0,0,0,0,0,Defender,0,0,0,0
Sr횆혩an Babi횆혝,DF,Serbia,26-240,Almer횄짯a,1996,1,0,13,0.1,0,0,0,0,0,0,0,0,0,0,0,0,0,0,0,0,0,0,0,0,0,Defender,0,0,0,0
Stefan Mitrovi횆혝,DF,Serbia,32-210,Getafe,1990,1,0,35,0.4,0,0,0,0,0,0,0,0,0,0,0,0,0,0,0,0,0,0,0,0,0,Defender,0,0,0,0
Steven Vit횄쨀ria,DF,Canada,35-341,Chaves,1987,3,3,270,3,0,0,0,0,0,1,0,0,0,0,0,0,0,0,0,0,0,0,0,0,0,Defender,0,0,0,0
Strahinja Pavlovi횆혝,DF,Serbia,21-208,RB Salzburg,2001,3,3,235,2.6,1,0,1,0,0,2,0,0.38,0,0.38,0.38,0.38,0.2,0.2,0,0.2,0.07,0,0.07,0.07,0.07,Defender,0,0,0,0
Sultan Al-Ghanam,DF,Saudi Arabia,28-226,Al-Nassr,1994,3,1,126,1.4,0,0,0,0,0,0,0,0,0,0,0,0,0.2,0.2,0.1,0.2,0.12,0.05,0.17,0.12,0.17,Defender,0,0,0,0
Takehiro Tomiyasu,DF,Japan,24-043,Arsenal,1998,3,1,187,2.1,0,0,0,0,0,0,0,0,0,0,0,0,0,0,0.2,0.2,0,0.11,0.11,0,0.11,Defender,0,0,0,0
Tarek Salman,DF,Qatar,25-013,Al Sadd SC,1997,1,0,8,0.1,0,0,0,0,0,0,0,0,0,0,0,0,0,0,0,0,0,0,0,0,0,Defender,0,0,0,0
Tariq Lamptey,DF,Ghana,22-079,Brighton,2000,2,1,102,1.1,0,0,0,0,0,1,0,0,0,0,0,0,0.1,0.1,0,0.1,0.06,0,0.06,0.06,0.06,Defender,0,0,0,0
Theo Hernandez,DF,France,25-073,Milan,1997,6,5,508,5.6,1,2,1,0,0,1,0,0.18,0.35,0.53,0.18,0.53,0.4,0.4,1.2,1.6,0.07,0.22,0.29,0.07,0.29,Defender,86.8,1.96,1.9,0.2
Thiago Silva,DF,Brazil,38-087,Chelsea,1984,4,4,390,4.3,0,1,0,0,0,0,0,0,0.23,0.23,0,0.23,0.2,0.2,0.9,1.1,0.04,0.23,0.27,0.04,0.27,Defender,0,0,0,0
Thilo Kehrer,DF,Germany,26-088,West Ham,1996,1,1,69,0.8,0,0,0,0,0,1,0,0,0,0,0,0,0,0,0,0,0,0,0,0,0,Defender,0,0,0,0
Thomas Meunier,DF,Belgium,31-097,Dortmund,1991,3,2,211,2.3,0,0,0,0,0,1,0,0,0,0,0,0,0.2,0.2,0.5,0.7,0.09,0.21,0.3,0.09,0.3,Defender,0,0,0,0
Tim Ream,DF,United States,35-074,Fulham,1987,4,4,360,4,0,0,0,0,0,1,0,0,0,0,0,0,0.3,0.3,0,0.3,0.07,0,0.07,0.07,0.07,Defender,0,0,0,0
Timothy Castagne,DF,Belgium,27-013,Leicester City,1995,3,3,270,3,0,0,0,0,0,0,0,0,0,0,0,0,0,0,0,0,0,0,0,0,0,Defender,0,0,0,0
Toby Alderweireld,DF,Belgium,33-291,Antwerp,1989,3,3,270,3,0,1,0,0,0,0,0,0,0.33,0.33,0,0.33,0,0,0.3,0.3,0,0.11,0.11,0,0.11,Defender,0,0,0,0
Trent Alexander-Arnold,DF,England,24-072,Liverpool,1998,1,0,34,0.4,0,0,0,0,0,0,0,0,0,0,0,0,0,0,0,0,0,0,0,0,0,Defender,0,0,0,0
Victor Nelsson,DF,Denmark,24-065,Galatasaray,1998,1,1,90,1,0,0,0,0,0,0,0,0,0,0,0,0,0,0,0,0,0,0,0,0,0,Defender,0,0,0,0
Virgil van Dijk,DF,Netherlands,31-163,Liverpool,1991,5,5,480,5.3,0,0,0,0,0,0,0,0,0,0,0,0,0.2,0.2,0.1,0.3,0.04,0.03,0.07,0.04,0.07,Defender,87.6,3.9,0,1.2
Wajdi Kechrida,DF,Tunisia,27-043,Atromitos,1995,3,1,111,1.2,0,0,0,0,0,1,0,0,0,0,0,0,0,0,0.1,0.1,0,0.08,0.08,0,0.08,Defender,0,0,0,0
Walker Zimmerman,DF,United States,29-213,Nashville,1993,4,3,279,3.1,0,0,0,0,0,0,0,0,0,0,0,0,0.1,0.1,0,0.1,0.02,0,0.02,0.02,0.02,Defender,0,0,0,0
William Saliba,DF,France,21-269,Arsenal,2001,1,0,28,0.3,0,0,0,0,0,0,0,0,0,0,0,0,0,0,0,0,0,0.11,0.11,0,0.11,Defender,0,0,0,0
Yahya Attiat Allah,DF,Morocco,27-291,Wydad Casablanca,1995,6,2,318,3.5,0,1,0,0,0,0,0,0,0.28,0.28,0,0.28,0.2,0.2,1.2,1.4,0.07,0.37,0.44,0.07,0.44,Defender,0,0,0,0
Yasser Al-Shahrani,DF,Saudi Arabia,30-207,Al-Hilal,1992,1,1,89,1,0,0,0,0,0,0,0,0,0,0,0,0,0,0,0,0,0,0,0,0,0,Defender,0,0,0,0
Yassine Meriah,DF,Tunisia,29-169,Esp횄짤rance de Tunis,1993,3,3,270,3,0,0,0,0,0,0,0,0,0,0,0,0,0.1,0.1,0,0.1,0.02,0.01,0.04,0.02,0.04,Defender,0,0,0,0
Youssouf Sabaly,DF,Senegal,29-288,Betis,1993,4,4,360,4,0,0,0,0,0,0,0,0,0,0,0,0,0,0,0.7,0.7,0.01,0.16,0.18,0.01,0.18,Defender,0,0,0,0
Youstin Salas,DF,Costa Rica,26-184,Deportivo Saprissa,1996,2,0,47,0.5,0,0,0,0,0,0,0,0,0,0,0,0,0,0,0,0,0,0,0,0,0,Defender,0,0,0,0
횄혖ngelo Preciado,DF,Ecuador,24-303,Genk,1998,3,3,264,2.9,0,1,0,0,0,0,0,0,0.34,0.34,0,0.34,0.1,0.1,0.4,0.5,0.02,0.14,0.17,0.02,0.17,Defender,0,0,0,0
횄혟der Milit횄짙o,DF,Brazil,24-334,Real Madrid,1998,4,4,347,3.9,0,0,0,0,0,1,0,0,0,0,0,0,0.2,0.2,0,0.2,0.05,0.01,0.05,0.05,0.05,Defender,0,0,0,0
횄혫scar Duarte,DF,Costa Rica,33-198,Al-Wehda,1989,3,3,270,3,0,0,0,0,0,1,0,0,0,0,0,0,0,0,0.3,0.3,0,0.09,0.09,0,0.09,Defender,0,0,0,0
